flag,f1_score
PM2,0.7304347826086957
PP3,0.8372093023255814
PS1,0.0
BS1,0.08695652173913043
BA1,0.0

flag,precision,recall,f1-score,support
Benign,0.0,0.0,0.0,20.0
Likely Benign,0.5714285714285714,0.2,0.2962962962962963,20.0
Likely Pathogenic,0.0,0.0,0.0,20.0
Pathogenic,0.0,0.0,0.0,20.0
VUS,0.1978021978021978,0.9,0.32432432432432434,20.0
accuracy,0.22,0.22,0.22,0.22
macro avg,0.15384615384615383,0.22000000000000003,0.12412412412412413,100.0
weighted avg,0.15384615384615383,0.22,0.12412412412412412,100.0
