variant,aa_change,AF_popmax,CADD_phred,SIFT_pred,Polyphen2_HDIV_pred,MetaLR_score,MetaLR_pred,fathmm-XF_coding_score,fathmm-XF_coding_pred,AlphaMissense_score
7-94412602-G-A,p.Gly475Ser,5.08484e-06,27.7,D,D,0.9876,D,0.959735,D,0.7846
17-75001380-G-A,p.Glu78Lys,5.34516e-05,28.8,D,D,0.2694,T,0.907971,D,0.4835
12-3616958-C-T,p.Ala703Thr,1.96186e-05,26.4,D,,0.6081,D,0.50382,D,0.2516
10-49612084-T-A,p.Phe448Leu,3.39009e-06,22.2,D,D,0.6339,D,0.38,N,0.9922
11-55935674-A-G,p.Cys243Arg,1.10091e-05,17.78,D,B,0.0023,T,0.52364,D,0.5571
5-32173810-C-G,p.Glu75Asp,2.9976e-05,34.0,D,D,0.4649,T,0.78537,D,0.9894
11-17357001-G-A,p.Ala141Thr,1.76691e-06,32.0,D,D,0.0111,T,0.094571,N,0.271
19-10339550-A-G,p.Leu22Pro,1.66617e-05,22.3,D,D,0.0323,T,0.078276,N,0.1459
3-165059910-T-C,p.Ile380Val,8.48796e-07,23.2,D,P,0.8657,D,0.428898,N,0.3205
12-22055488-C-T,p.Ser146Phe,8.4886e-07,33.0,D,D,0.5988,D,0.823864,D,0.9917
2-70988680-G-A,p.Arg171Trp,1.33259e-05,32.0,D,B,0.2119,T,0.692861,D,0.5266
16-57470324-C-T,p.Ala218Val,3.31009e-05,28.9,D,D,0.7434,D,0.958006,D,0.7567
20-13288621-G-A,p.Arg242Gln,1.33501e-05,34.0,T,D,0.5729,D,0.9109,D,0.5384
14-58223783-C-T,p.Arg239Cys,1.33751e-05,26.1,T,B,0.7603,D,0.852883,D,0.2256
6-6222120-G-A,p.Ala342Val,1.66678e-05,28.8,D,D,0.5902,D,0.964567,D,0.9485
5-109774799-T-C,p.Leu403Pro,8.48021e-07,25.8,D,D,0.2826,T,0.925854,D,0.994
19-12673239-T-G,p.Cys241Gly,8.47453e-07,24.7,D,P,0.2137,T,0.822956,D,0.2726
1-225852688-T-C,p.Thr627Ala,8.47456e-07,26.0,D,D,0.15,T,0.884468,D,0.1723
8-27671065-C-T,p.Pro512Leu,2.23005e-05,21.3,T,P,0.8692,D,0.138788,N,0.0803
1-68438951-C-T,p.Cys330Tyr,2.5425e-06,27.7,D,D,0.8573,D,0.748594,D,0.9185
4-113903455-A-G,p.Tyr207His,1.09784e-05,27.1,D,D,0.943,D,0.908029,D,0.6092
19-47319944-C-T,p.Ala56Val,2.22787e-05,18.66,T,D,0.129,T,0.146576,N,0.2219
1-152220023-C-G,p.Gly536Arg,8.47445e-07,1.163,D,P,0.0027,T,0.03725,N,0.2372
6-96896803-G-C,p.Leu61Val,8.47501e-07,19.37,D,B,0.5469,D,0.251953,N,0.3068
8-142846424-A-C,p.Lys71Gln,1.56182e-05,22.1,D,D,0.1206,T,0.060075,N,0.8559
13-50970030-G-A,p.Asp338Asn,9.15228e-07,2.454,,,,,,,0.0975
2-79086891-C-A,p.Ser35Ile,8.47483e-07,17.56,D,P,0.0277,T,0.056647,N,0.181
11-55839451-A-T,p.Ser234Cys,8.47492e-07,13.8,D,B,0.0011,T,0.037844,N,0.0774
9-71734882-G-C,p.Asp439Glu,1.09791e-05,23.8,T,D,0.8475,D,0.504584,D,0.9712
4-41747425-G-A,p.Ala118Val,8.66823e-07,32.0,D,D,0.2877,T,0.942479,D,0.8686
9-34371175-G-C,p.Ser590Cys,7.91916e-05,32.0,,D,0.8893,D,0.913894,D,0.6453
6-73292008-G-C,p.Arg66Gly,8.47463e-07,1.115,,P,0.0247,T,0.087728,N,0.1127
5-129620687-G-T,p.Trp516Cys,8.47919e-07,29.6,,,0.6637,D,0.933282,D,0.9993
9-127788226-G-A,p.Asp149Asn,8.47439e-07,33.0,D,D,0.906,D,0.818384,D,0.9997
14-20014746-A-G,p.Trp150Arg,8.47456e-07,24.5,,D,0.5545,D,0.472713,N,0.81
8-23317015-C-T,p.Arg91Gln,2.22816e-05,20.5,,,,,0.457787,N,0.1391
7-86839121-C-G,p.Pro536Arg,8.47471e-07,24.2,T,P,0.7042,D,0.838153,D,0.134
3-51393995-C-T,p.Leu866Phe,8.83934e-07,24.5,D,D,0.3269,T,0.721644,D,0.9013
5-53065079-T-G,p.Asn590Lys,8.48089e-07,14.58,D,D,0.1007,T,0.509644,D,0.8151
11-20601457-G-A,p.Ser111Asn,2.63111e-05,0.883,T,B,0.1138,T,0.153884,N,0.0781
17-41065538-G-A,p.Ser103Phe,2.6216e-06,18.19,D,,0.1168,T,0.034193,N,0.2119
8-119102366-G-C,p.Gly104Ala,0.000165673,28.1,D,D,0.9899,D,0.923148,D,0.4381
1-150151027-A-G,p.Lys49Arg,8.47471e-07,15.89,T,B,0.0082,T,0.223202,N,0.0659
9-112890113-G-A,p.Ala190Val,4.23759e-06,16.38,T,B,0.0811,T,0.130684,N,0.0727
16-67156582-C-T,p.Val27Ile,3.38974e-06,15.52,T,B,0.0629,T,0.093035,N,0.0965
10-68645176-T-C,p.Leu816Pro,1.69495e-06,18.08,T,B,0.0162,T,0.427209,N,0.183
12-10909256-C-T,p.Ala15Thr,3.29525e-05,6.309,T,B,0.058,T,0.035276,N,0.0916
1-231352888-C-A,p.Pro333Thr,9.32205e-06,18.08,T,B,0.1389,T,0.094096,N,0.1209
4-71567019-C-T,p.His1039Tyr,1.10084e-05,26.5,T,,0.4706,T,0.849562,D,0.0698
6-47879879-T-G,p.Asn319Thr,1.34253e-05,18.95,,,0.3255,T,0.497475,N,0.0787
12-27755268-G-T,p.Glu264Ter,1.10517e-05,35.0,,,,,0.162188,N,
13-102731763-C-G,p.Ala6312Pro,8.72083e-07,0.32,,,0.0208,T,0.057562,N,0.1326
19-12792290-C-A,p.Tyr173Ter,1.29196e-05,33.0,,,,,0.337868,N,
14-104952646-C-A,p.Gln935His,2.70812e-05,3.596,T,B,0.0024,T,,,0.2188
14-87993419-T-G,p.Lys27Asn,8.71917e-07,3.19,D,B,0.0173,T,0.056521,N,0.2562
7-1437974-G-C,p.Ala773Gly,1.36437e-05,18.9,T,B,0.0848,T,0.134703,N,0.1138
5-129620645-C-A,p.His502Gln,2.03957e-05,22.8,,,0.5601,D,0.43976,N,0.7798
18-36199769-A-C,p.Glu129Ala,0.000233248,27.5,D,D,0.2579,T,0.883828,D,0.3579
10-100498785-T-C,p.Lys535Arg,1.09794e-05,14.52,T,B,0.1154,T,0.059057,N,0.0781
7-7969495-G-C,p.Val49Leu,1.17381e-06,17.64,T,B,0.0485,T,0.107888,N,0.1075
1-152776646-G-A,p.Ser92Asn,0.0006268,13.81,,P,0.0066,T,0.038066,N,0.1265
7-6692562-G-A,p.Pro127Leu,0.000164474,0.555,T,B,0.0038,T,,,0.0783
3-124913235-T-C,p.Ser364Gly,0.0328613,0.388,,,0.1555,T,0.048538,N,0.1093
4-184712953-T-C,p.Ile227Val,0.000112628,0.007,T,B,0.0186,T,0.029738,N,0.0568
1-119937344-C-T,p.Ala1154Thr,0.000167504,12.38,T,B,0.54,D,0.053027,N,0.0689
22-24628222-G-A,p.Arg149His,0.000224618,0.643,T,,0.0184,T,0.078794,N,0.0852
1-94043413-G-A,p.Ala1038Val,0.00551304,21.8,T,B,0.4789,T,0.935556,D,0.1637
1-222627617-C-T,p.His133Tyr,0.00131903,18.48,D,B,0.2359,T,0.160661,N,0.0958
19-18264661-C-T,p.Arg960Gln,0.000117675,11.87,T,,0.0122,T,0.063407,N,0.0997
5-69632946-T-A,p.Asp289Glu,0.000487805,5.952,,,,,,,
7-6462998-C-T,p.Ala177Thr,0.000164366,5.637,D,B,0.0606,T,0.109321,N,0.0689
1-160159474-G-C,p.Glu242Asp,0.000165071,19.1,T,B,0.2389,T,0.46624,N,0.0898
11-65125777-C-T,p.Pro136Ser,0.000356506,23.9,T,D,0.1675,T,0.467506,N,0.3959
8-19962174-T-C,p.Val461Ala,0.000493259,20.8,,B,0.1917,T,0.197202,N,0.1977
8-51409247-C-T,p.Val793Ile,0.00125436,0.569,T,B,0.0944,T,0.047568,N,0.1087
1-186117578-A-G,p.Ile3935Val,0.00942039,1.062,T,B,0.0593,T,0.082378,N,0.0744
9-136274936-G-C,p.Cys1099Trp,0.000130787,0.285,,,,,,,0.1599
2-141049214-T-C,p.Asn521Asp,0.000165017,21.7,T,P,0.3933,T,0.595866,D,0.1183
5-140342755-T-C,p.Lys93Arg,0.000690577,18.57,T,P,0.0336,T,0.562013,D,0.0794
19-21972326-A-T,p.Ile903Asn,0.000174694,0.002,T,,0.0136,T,0.021684,N,0.2297
10-94355078-G-A,p.Pro194Leu,0.296372,21.9,T,B,0.0,T,0.403461,N,0.0911
8-22625338-A-C,p.Leu138Arg,0.99992,0.166,D,,0.0,T,0.017298,N,0.0599
7-1442465-C-G,p.Ala480Pro,0.407835,0.108,T,B,0.0,T,0.022063,N,0.0588
9-106925122-A-G,p.Met404Val,0.181866,5.284,T,B,0.0,T,0.277184,N,0.0694
1-53737935-C-T,p.Gly44Ser,0.400944,14.04,,,,,,,0.1226
2-190534652-C-G,p.Gly2Arg,0.243811,0.099,T,B,0.0,T,0.012863,N,0.0677
9-5233855-C-A,p.Thr133Asn,0.0602022,1.107,T,D,0.0822,T,0.020636,N,0.1944
22-50744993-C-T,p.Pro351Leu,0.0945513,0.69,T,B,0.027,T,0.029112,N,0.0979
12-11091871-T-C,p.His120Arg,0.536122,1.012,T,B,0.0026,T,0.034427,N,0.1051
9-19434982-C-T,p.Ala134Val,0.153776,19.32,T,B,0.0001,T,0.148191,N,0.0684
11-57380702-A-G,p.Cys3Arg,1.0,2.236,T,B,0.0,T,0.014929,N,0.0822
13-102739284-C-T,p.Val3805Ile,0.857868,0.166,,,,,,,0.0559
7-101196120-G-A,p.Pro313Leu,0.307522,7.204,D,,0.0009,T,0.096167,N,0.1181
12-66169323-T-C,p.Tyr43Cys,0.145925,3.767,,,,,0.047827,N,0.0857
12-116737803-C-T,p.Ser33Asn,0.0693833,24.0,T,D,0.0483,T,0.67137,D,0.5316
22-41998831-C-G,p.Gln5Glu,0.100425,24.4,T,D,0.0035,T,0.243517,N,0.1047
17-41160618-T-C,p.Tyr25Cys,0.428947,13.2,T,B,0.0,T,0.014778,N,0.0664
12-82399008-C-A,p.Gln249Lys,0.999843,7.394,T,B,0.0,T,0.122309,N,0.0715
19-19302283-C-T,p.Arg290His,0.221506,32.0,D,D,0.0015,T,0.802022,D,0.1223
12-55637489-G-A,p.Val200Met,0.460714,18.76,T,D,0.0,T,0.049497,N,0.2852
